{"0": ["TNFSF13", "TCN2", "MKI67", "POLE", "NAMPT", "LPAR1", "CYP2A6", "ABCB1", "POLD1", "ABCA9", "PRKD1", "RNF43", "ABCD4", "MMP2", "PPP1R14A", "RNF182", "KRAS", "TET2", "SMAD7", "CTBP1", "HAPLN1", "BMP2", "SATB2", "ABCA3", "CYP1B1", "NME1", "ABCD3", "LGR6", "TCF7L2", "EFEMP1", "SH3TC1", "DHFR", "CTNNB1", "CDH1", "SMAD9", "TNFSF10", "ING4", "IPP", "CDH7", "ARID1A", "BOC", "SFRP5", "CHD5", "MTRR", "NXN", "ABCB5", "MTHFR", "ABCC2", "SMAD3", "YAP1", "UMPS", "KDM2A", "ABCC5"], "1": ["FLCN", "MTDH", "NME2", "ABCA4", "CSF2", "CASP8", "TLR2", "PRKCE", "DCC", "NR4A2", "CHD1", "MYC", "ABCC4", "CXCL8", "SMAD4", "ABCE1", "MIR106B", "PTPRD", "WIF1", "ABCA8", "CACUL1", "PAIP2", "CFTR", "TP63", "EVL", "UNG", "PYCARD", "PROM1", "SLC19A1", "FPGS", "LGR5", "FADS2", "CALCOCO2", "GUCY1A2", "ABCA12", "CABLES1", "EP300", "HOXD9", "AMZ2P1", "ERCC2", "TYMP", "EYA4", "PPARG", "RRM2", "ZMIZ1", "GATA4", "CCND2", "NT5C", "ABCA13", "ABCA1", "DONSON", "GATA5", "ABCB6"], "2": ["TLR4", "CD109", "GPNMB", "NUSAP1", "SFXN1", "NQO1", "GRID1", "DPYD", "NTNG1", "TRPM7", "ZNF569", "MIR26B", "SOD2", "STARD8", "AKT1", "ABCG2", "CDH22", "ABCC3", "SFRP1", "PIK3CA", "PAX8", "CPAMD8", "KLF2", "XAF1", "GALNT12", "ARNT", "BOLL", "MSH2", "ICAM5", "GGH", "ABCB4", "TNF", "CALR", "ODC1", "NEURL1", "CBX5", "TRIM28", "HOXD1", "MAF", "AURKA", "KLF5", "CHEK2", "IFNA1", "ACKR3", "MMP1", "EXO1", "SOX17", "ABCA5", "TP53", "AMACR", "ALDH2", "PMM2", "POSTN"], "3": ["SFRP2", "ESR2", "BIRC5", "SULT2B1", "GNB5", "LY96", "ETV1", "ZFP36L2", "HHIP", "ATP7B", "SRC", "SLCO1B3", "ABCD2", "SCG5", "FAT1", "LAMA1", "FLNC", "SERPINB5", "IGF2", "EIF3H", "POLD3", "ABCC13", "BUB1", "GUCY2C", "JPH3", "CDH5", "VTI1A", "ABCC6", "PPOX", "CD9", "ABCG1", "EPHA1", "FADS1", "GRIN2A", "NRAS", "TCERG1L", "ZNF432", "GSTM3", "FGFR3", "RASL11A", "IL6ST", "ABCC1", "CABYR", "LRRC3B", "RET", "RHPN2", "ADH1B", "SPARC", "IGFBP3", "STRAP", "GNB4", "TGFB1", "TFPI2"], "4": ["FBLN2", "FHL3", "SFRP4", "APC", "CYP1A2", "DLC1", "TGFBR1", "BMP4", "BCL2", "KDR", "MIR93", "BUB1B", "FEN1", "COL7A1", "BRAF", "TK1", "ZNF292", "SYNE1", "TXNRD1", "ZKSCAN3", "DPAGT1", "IFNA2", "EGFR", "PTGS2", "APC2", "PRKCB", "CNPPD1", "AKR1B10", "GSTM1", "GAPDH", "ANP32A", "SESN2", "AXIN2", "TP53TG1", "FOXL2", "ABCA6", "DCLK1", "LINC00673", "PPM1E", "ABCB11", "SLC22A15", "MLH1", "TFRC", "DACT1", "TYMS", "FBN2", "ABCB10", "GREM1", "PARP1", "SELENBP1", "PGM1", "MLH3", "ABCC8"]}