{"0": ["TNFAIP3", "DNASE1L3", "RASGRP1", "TLR5", "C1QA", "FCGR2A", "DNASE1", "PRDM1", "CRP", "HLA-DQA1", "DEF6"], "1": ["TREX1", "CR2", "PTGS2", "IL21", "P2RY12", "BLK", "ANXA3", "CFB", "CSK", "IL6", "RASGRP3"], "2": ["CD226", "SIGLEC6", "CTLA4", "CAT", "IL4", "IFIH1", "CLU", "ITGAM", "PRL", "TCF7", "IL21R"], "3": ["IL10", "ETS1", "PTPN22", "IRF5", "CLEC16A", "SLC15A4", "NCF1", "FCGR2B", "IRAK4", "UHRF1BP1", "TERT"], "4": ["SH2B3", "IKZF1", "IL12B", "PDCD1", "HLA-DRB1", "PXK", "BANK1", "SYNGR1", "TNIP1", "STAT4", "JAZF1"]}
