{"0": ["TNFSF13", "TRAF1", "IL1B", "CXCL10", "COL1A2", "IL16", "LGALS3", "HABP2", "FGF7", "MUC4", "NCAM1", "DHFR", "PRLR", "ECM2", "TNFSF10", "IGF1", "LGALS14", "SPAG5", "AGTR1", "IL20RA", "IL5RA"], "1": ["COL5A2", "ITGB6", "APOE", "INHA", "MMP26", "LIF", "MAP2", "CD68", "PTHLH", "COL9A2", "IL6", "COL1A1", "CSRNP3", "IFI44", "CYP24A1", "FST", "FLRT3", "SDF2L1", "PAEP", "TNR", "COL6A1"], "2": ["CEACAM1", "JAK2", "KLK10", "COL6A3", "IFI6", "TIMP3", "IL11", "GLS", "CD82", "SST", "ARNT", "CD69", "MAPRE3", "ACE2", "CSF3", "IL9", "IGFBP6", "FN1", "TIMP2", "ACKR4", "CHIA"], "3": ["LAMA4", "CD7", "MGAT2", "CD164", "SERPINB3", "ITGB4", "AHR", "IFI35", "FETUB", "MMP15", "IL12B", "IGF2", "CD163", "EMP1", "MMP7", "CD84", "RBP4", "IFNA10", "MMP19", "COL13A1", "PGF"], "4": ["IL24", "IGFBP1", "COL5A1", "IGFBP3", "CD8A", "TGFB1", "TGFBR1", "CEACAM6", "CEACAM5", "PTGIS", "CRISP3", "SERPINB4", "TGFBI", "HSD17B1", "PCDHA3", "MGP", "ECM1", "TFRC", "MMP12", "CYP1A1", "COL4A6"]}