{"0": ["PRDX1", "CDX2", "ZBTB20", "SIRPA", "TPM4", "ACY1", "GSTP1", "GSTA4", "GSTO1", "MIR331", "CDH1", "MAPK8", "MDM2", "MIR652", "DDX54", "ZBTB8OS", "ARG1", "PEBP1", "KRT8"], "1": ["HRAS", "TRIT1", "GJB1", "IL6", "MIR30A", "VEGFA", "NOP16", "HADH", "TRIO", "FOXM1", "EFNB2", "SIX3", "ACTC1", "MPO", "TTLL9", "MIR26B", "SOD2", "AKT1", "ERGIC3"], "2": ["CCDC134", "PRICKLE2", "SOCS4", "CCND1", "EXOSC2", "MGMT", "PHB", "PIM1", "ALDH4A1", "SULF1", "PRKAA1", "SERPINB3", "CEBPA", "ALDH2", "FTH1", "DPP10", "ANXA4", "NR1I3", "CPS1"], "3": ["COL23A1", "MAP2K7", "MUC1", "IGF2", "MIR98", "MIRLET7D", "BCAT2", "TSC2", "EGF", "YIF1A", "PSCA", "MIR324", "CAT", "IGFBP1", "MIR145", "HIGD2A", "IRS1", "CISH", "MIR340"], "4": ["STAT3", "CDKN2A", "UQCR11", "TNK2", "EIF4EBP1", "PRKG1", "PTGS2", "MIR200B", "MIRLET7B", "PBLD", "CFL1", "CHN2", "PSD2", "STAT5A", "ABL1", "COG4", "MAPK9", "MAGED4", "IFT88"]}