{"0": ["HP", "PDYN", "M6PR", "APAF1", "SNAP25", "SEC24C", "IL1B", "CREB1", "PON1", "SELP", "CNR1", "CXCL10", "NPAS3", "GRIA2", "CUX1", "DRD4", "GRM1", "ABCB1", "TPH2", "DEAF1", "CNP", "GSK3A", "INS", "PTX3", "SAT1", "FOXD3", "DRD3", "NTRK3", "TBX21", "PTPRR", "CYP2C9", "HDAC5", "TDO2", "DISC1", "CRHR1", "UCN3", "NCAM1", "KMO", "DRD5", "CACNA1C", "ZBTB16", "SLC5A7", "GRM5", "POMC", "SLC6A15", "CDH7", "GAD1", "FTL", "IFNG", "TEF"], "1": ["ABI3BP", "CC2D1A", "FKBP4", "MTHFR", "MIF", "HTR1A", "BCL9", "FOXP2", "NR3C2", "DIXDC1", "ACSM1", "GNB3", "MORC1", "MMP8", "ADCY7", "PFKFB3", "DLG3", "RNF41", "NR4A2", "ITIH1", "DLG4", "OXTR", "ACSL4", "BDNF", "HSPA1B", "HOMER1", "KALRN", "SLC6A13", "MAP2", "DCANP1", "ARRB1", "CRH", "PEA15", "GJA1", "IL6", "SLIT3", "HTR1B", "HSPA1L", "PROM1", "SOD1", "DBH", "GRM7", "EHD3", "KPNA3", "PLG", "ALB", "PCNT", "TYK2", "IL20", "MYT1L"], "2": ["LSAMP", "PINK1", "COMT", "EDEM1", "BCR", "ACP1", "NR3C1", "HSPA1A", "CLOCK", "ADORA2A", "CYP2C19", "GDE1", "MDM4", "PDLIM5", "CYP2D6", "DRD2", "DLG2", "IL11", "SLC6A4", "SST", "MAOA", "CSF3", "NELL1", "CCND1", "IL2RA", "TNF", "OAS2", "ERBB3", "GRIK4", "SLC17A6", "HDAC9", "DAOA", "TSNAX-DISC1", "REN", "SOX9", "IFNA1", "ANPEP", "S100A10", "LHPP", "CNTNAP2", "LDHA", "FTH1", "GDNF", "QKI", "ESR2", "AVP", "ENPEP", "ADRA1A", "CMYA5", "CRHBP"], "3": ["ATP7B", "MTOR", "SGK1", "HSP90AA1", "NOS1", "CRP", "CSF2RB", "SRRT", "TH", "ACE", "LRP1", "NEFL", "EMP1", "CTNND2", "NPY1R", "RELN", "SLC6A2", "NTM", "HTR3B", "DDIT4", "TERT", "FGF2", "EGF", "GSK3B", "CAMK2A", "TOMM40", "GMIP", "RAPH1", "PLCB1", "CNR2", "HTR3A", "TLR7", "IL24", "NPY", "TFCP2", "CAT", "MCTP2", "MED12", "GFAP", "GLT8D1", "HTR2A", "KDR", "ARSA", "AKAP8", "HLF", "OXT", "EIF4B", "SERPINE1", "VAMP2", "CDKN2A"], "4": ["PAWR", "MAP2K1", "FREM3", "GABBR2", "BMP7", "CD34", "PSMB4", "PROK2", "HTR2C", "CCKAR", "APRT", "EGFR", "IFNA2", "PTGS2", "PRKCB", "IKBKE", "S100B", "REEP5", "CCL24", "NDUFV2", "HIF1A", "TRH", "GNB1", "SSTR5", "CADM1", "HPSE", "DDC", "ARTN", "LRP8", "CTLA4", "ADCY5", "NTRK2", "DTNBP1", "TPH1", "HTR7", "IRF7", "GHRL", "MAOB", "PCLO", "BDKRB2", "GLO1", "CCL2", "SLC1A6", "FMR1", "FGFR1", "NTF3", "PRIMA1", "DGKH", "NDUFV1", "RAPGEF5"]}